-- phpMyAdmin SQL Dump
-- version 5.2.1
-- https://www.phpmyadmin.net/
--
-- Host: 127.0.0.1
-- Generation Time: Jul 21, 2025 at 04:58 PM
-- Server version: 10.4.32-MariaDB
-- PHP Version: 8.0.30

SET SQL_MODE = "NO_AUTO_VALUE_ON_ZERO";
START TRANSACTION;
SET time_zone = "+00:00";


/*!40101 SET @OLD_CHARACTER_SET_CLIENT=@@CHARACTER_SET_CLIENT */;
/*!40101 SET @OLD_CHARACTER_SET_RESULTS=@@CHARACTER_SET_RESULTS */;
/*!40101 SET @OLD_COLLATION_CONNECTION=@@COLLATION_CONNECTION */;
/*!40101 SET NAMES utf8mb4 */;

--
-- Database: `makanan`
--

-- --------------------------------------------------------

--
-- Table structure for table `detail_pesanan`
--

CREATE TABLE `detail_pesanan` (
  `id_detail` int(11) NOT NULL,
  `id_pesanan` int(11) DEFAULT NULL,
  `id_menu` int(11) DEFAULT NULL,
  `jumlah` int(11) NOT NULL,
  `subtotal` int(11) NOT NULL
) ENGINE=InnoDB DEFAULT CHARSET=utf8mb4 COLLATE=utf8mb4_general_ci;

--
-- Dumping data for table `detail_pesanan`
--

INSERT INTO `detail_pesanan` (`id_detail`, `id_pesanan`, `id_menu`, `jumlah`, `subtotal`) VALUES
(17, 17, 6, 2, 70000),
(18, 18, 5, 2, 40000),
(19, 19, 4, 2, 30000),
(20, 20, 5, 2, 40000),
(21, 21, 6, 2, 70000);

-- --------------------------------------------------------

--
-- Table structure for table `menu`
--

CREATE TABLE `menu` (
  `id_menu` int(11) NOT NULL,
  `nama_menu` varchar(100) NOT NULL,
  `harga` int(11) NOT NULL,
  `deskripsi` text DEFAULT NULL,
  `gambar` varchar(255) DEFAULT NULL
) ENGINE=InnoDB DEFAULT CHARSET=utf8mb4 COLLATE=utf8mb4_general_ci;

--
-- Dumping data for table `menu`
--

INSERT INTO `menu` (`id_menu`, `nama_menu`, `harga`, `deskripsi`, `gambar`) VALUES
(2, 'Mie Ayam', 10000, NULL, 'Mie_Ayam.jpeg'),
(3, 'Mie Ayam Bakso', 15000, NULL, 'Mie_Ayam_Bakso.jpeg'),
(4, 'Bakso', 15000, NULL, 'Bakso.jpeg'),
(5, 'Sate Ayam', 20000, NULL, 'Sate_Ayam.jpeg'),
(6, 'Tengkleng', 35000, NULL, 'Tengkleng.jpeg');

-- --------------------------------------------------------

--
-- Table structure for table `pesanan`
--

CREATE TABLE `pesanan` (
  `id_pesanan` int(11) NOT NULL,
  `id_user` int(11) DEFAULT NULL,
  `tanggal_pesan` datetime NOT NULL,
  `status` enum('menunggu','diproses','selesai') DEFAULT 'menunggu'
) ENGINE=InnoDB DEFAULT CHARSET=utf8mb4 COLLATE=utf8mb4_general_ci;

--
-- Dumping data for table `pesanan`
--

INSERT INTO `pesanan` (`id_pesanan`, `id_user`, `tanggal_pesan`, `status`) VALUES
(17, 3, '2025-07-21 03:47:38', 'selesai'),
(18, 3, '2025-07-21 03:47:44', 'diproses'),
(19, 3, '2025-07-21 03:47:51', 'selesai'),
(20, 2, '2025-07-21 11:13:00', 'diproses'),
(21, 2, '2025-07-21 11:13:07', 'diproses');

-- --------------------------------------------------------

--
-- Table structure for table `users`
--

CREATE TABLE `users` (
  `id_user` int(11) NOT NULL,
  `username` varchar(50) NOT NULL,
  `password` varchar(255) NOT NULL,
  `nama` varchar(100) NOT NULL,
  `role` enum('admin','user') NOT NULL
) ENGINE=InnoDB DEFAULT CHARSET=utf8mb4 COLLATE=utf8mb4_general_ci;

--
-- Dumping data for table `users`
--

INSERT INTO `users` (`id_user`, `username`, `password`, `nama`, `role`) VALUES
(1, 'Naufal', '$2y$10$.bvTiXz2z968sZb/SYpF2OEceF2kZ83sv5WnhXts8Leltq/tzpZaS', 'Naufal', 'admin'),
(2, 'Pratama', '$2y$10$DoRebLaWhrrEg8IAt1N1y.nbPb0dYuxedeMELZd2gf4BXiTVmzRwy', 'Pratama', 'user'),
(3, 'Arfiansyah', '$2y$10$AdFnTuZCWeniSGFVvM7aCO1NjpRhQIkgWY4giJf8vs82c/8tvOEPq', 'Arfiansyah', 'user');

--
-- Indexes for dumped tables
--

--
-- Indexes for table `detail_pesanan`
--
ALTER TABLE `detail_pesanan`
  ADD PRIMARY KEY (`id_detail`),
  ADD KEY `id_pesanan` (`id_pesanan`),
  ADD KEY `id_menu` (`id_menu`);

--
-- Indexes for table `menu`
--
ALTER TABLE `menu`
  ADD PRIMARY KEY (`id_menu`);

--
-- Indexes for table `pesanan`
--
ALTER TABLE `pesanan`
  ADD PRIMARY KEY (`id_pesanan`),
  ADD KEY `id_user` (`id_user`);

--
-- Indexes for table `users`
--
ALTER TABLE `users`
  ADD PRIMARY KEY (`id_user`),
  ADD UNIQUE KEY `username` (`username`);

--
-- AUTO_INCREMENT for dumped tables
--

--
-- AUTO_INCREMENT for table `detail_pesanan`
--
ALTER TABLE `detail_pesanan`
  MODIFY `id_detail` int(11) NOT NULL AUTO_INCREMENT, AUTO_INCREMENT=22;

--
-- AUTO_INCREMENT for table `menu`
--
ALTER TABLE `menu`
  MODIFY `id_menu` int(11) NOT NULL AUTO_INCREMENT, AUTO_INCREMENT=7;

--
-- AUTO_INCREMENT for table `pesanan`
--
ALTER TABLE `pesanan`
  MODIFY `id_pesanan` int(11) NOT NULL AUTO_INCREMENT, AUTO_INCREMENT=22;

--
-- AUTO_INCREMENT for table `users`
--
ALTER TABLE `users`
  MODIFY `id_user` int(11) NOT NULL AUTO_INCREMENT, AUTO_INCREMENT=4;

--
-- Constraints for dumped tables
--

--
-- Constraints for table `detail_pesanan`
--
ALTER TABLE `detail_pesanan`
  ADD CONSTRAINT `detail_pesanan_ibfk_1` FOREIGN KEY (`id_pesanan`) REFERENCES `pesanan` (`id_pesanan`),
  ADD CONSTRAINT `detail_pesanan_ibfk_2` FOREIGN KEY (`id_menu`) REFERENCES `menu` (`id_menu`);

--
-- Constraints for table `pesanan`
--
ALTER TABLE `pesanan`
  ADD CONSTRAINT `pesanan_ibfk_1` FOREIGN KEY (`id_user`) REFERENCES `users` (`id_user`);
COMMIT;

/*!40101 SET CHARACTER_SET_CLIENT=@OLD_CHARACTER_SET_CLIENT */;
/*!40101 SET CHARACTER_SET_RESULTS=@OLD_CHARACTER_SET_RESULTS */;
/*!40101 SET COLLATION_CONNECTION=@OLD_COLLATION_CONNECTION */;
